id;marca;fechaMatriculacion
1;Ford;2023-04-18
2;Ford;2023-04-18
3;Ford;2023-04-18
4;Ford;2023-04-18
5;Ford;2023-04-18
6;Ford;2023-04-18
7;Ford;2023-04-18
8;Ford;2023-04-18
9;Ford;2023-04-18
10;Ford;2023-04-18
11;Ford;2023-04-18
12;Ford;2023-04-18
13;Ford;2023-04-18
14;Ford;2023-04-18
15;Ford;2023-04-18
16;Ford;2023-04-18
17;Ford;2023-04-18
18;Ford;2023-04-18
19;Ford;2023-04-18
20;Ford;2023-04-18
21;Ford;2023-04-18
22;Ford;2023-04-18
23;Ford;2023-04-18
24;Ford;2023-04-18
25;Ford;2023-04-18
26;Ford;2023-04-18
27;Ford;2023-04-18
28;Ford;2023-04-18
29;Ford;2023-04-18
30;Ford;2023-04-18
31;Ford;2023-04-18
32;Ford;2023-04-18
33;Ford;2023-04-18
34;Ford;2023-04-18
35;Ford;2023-04-18
36;Ford;2023-04-18
37;Ford;2023-04-18
38;Ford;2023-04-18
39;Ford;2023-04-18
40;Ford;2023-04-18
41;Ford;2023-04-18
42;Ford;2023-04-18
43;Ford;2023-04-18
44;Ford;2023-04-18
45;Ford;2023-04-18
46;Ford;2023-04-18
47;Ford;2023-04-18
48;Ford;2023-04-18
49;Ford;2023-04-18
50;Ford;2023-04-18
51;Ford;2023-04-18
52;Ford;2023-04-18
53;Ford;2023-04-18
54;Ford;2023-04-18
55;Ford;2023-04-18
56;Ford;2023-04-18
57;Ford;2023-04-18
58;Ford;2023-04-18
59;Ford;2023-04-18
60;Ford;2023-04-18
61;Ford;2023-04-18
62;Ford;2023-04-18
63;Ford;2023-04-18
64;Ford;2023-04-18
65;Ford;2023-04-18
66;Ford;2023-04-18
67;Ford;2023-04-18
68;Ford;2023-04-18
69;Ford;2023-04-18
70;Ford;2023-04-18
71;Ford;2023-04-18
72;Ford;2023-04-18
73;Ford;2023-04-18
74;Ford;2023-04-18
75;Ford;2023-04-18
76;Ford;2023-04-18
77;Ford;2023-04-18
78;Ford;2023-04-18
79;Ford;2023-04-18
80;Ford;2023-04-18
81;Ford;2023-04-18
82;Ford;2023-04-18
83;Ford;2023-04-18
84;Ford;2023-04-18
85;Ford;2023-04-18
86;Ford;2023-04-18
87;Ford;2023-04-18
88;Ford;2023-04-18
89;Ford;2023-04-18
90;Ford;2023-04-18
91;Ford;2023-04-18
92;Ford;2023-04-18
93;Ford;2023-04-18
94;Ford;2023-04-18
95;Ford;2023-04-18
96;Ford;2023-04-18
97;Ford;2023-04-18
98;Ford;2023-04-18
99;Ford;2023-04-18
100;Ford;2023-04-18
101;Ford;2023-04-18
102;Ford;2023-04-18
103;Ford;2023-04-18
104;Ford;2023-04-18
105;Ford;2023-04-18
106;Ford;2023-04-18
107;Ford;2023-04-18
108;Ford;2023-04-18
109;Ford;2023-04-18
110;Ford;2023-04-18
111;Ford;2023-04-18
112;Ford;2023-04-18
113;Ford;2023-04-18
114;Ford;2023-04-18
115;Ford;2023-04-18
116;Ford;2023-04-18
117;Ford;2023-04-18
118;Ford;2023-04-18
119;Ford;2023-04-18
120;Ford;2023-04-18
121;Ford;2023-04-18
122;Ford;2023-04-18
123;Ford;2023-04-18
124;Ford;2023-04-18
125;Ford;2023-04-18
126;Ford;2023-04-18
127;Ford;2023-04-18
128;Ford;2023-04-18
129;Ford;2023-04-18
130;Ford;2023-04-18
131;Ford;2023-04-18
132;Ford;2023-04-18
133;Ford;2023-04-18
134;Ford;2023-04-18
135;Ford;2023-04-18
136;Ford;2023-04-18
137;Ford;2023-04-18
138;Ford;2023-04-18
139;Ford;2023-04-18
140;Ford;2023-04-18
141;Ford;2023-04-18
142;Ford;2023-04-18
143;Ford;2023-04-18
144;Ford;2023-04-18
145;Ford;2023-04-18
146;Ford;2023-04-18
147;Ford;2023-04-18
148;Ford;2023-04-18
149;Ford;2023-04-18
150;Ford;2023-04-18
151;Ford;2023-04-18
152;Ford;2023-04-18
153;Ford;2023-04-18
154;Ford;2023-04-18
155;Ford;2023-04-18
156;Ford;2023-04-18
157;Ford;2023-04-18
158;Ford;2023-04-18
159;Ford;2023-04-18
160;Ford;2023-04-18
161;Ford;2023-04-18
162;Ford;2023-04-18
163;Ford;2023-04-18
164;Ford;2023-04-18
165;Ford;2023-04-18
166;Ford;2023-04-18
167;Ford;2023-04-18
168;Ford;2023-04-18
169;Ford;2023-04-18
170;Ford;2023-04-18
171;Ford;2023-04-18
172;Ford;2023-04-18
173;Ford;2023-04-18
174;Ford;2023-04-18
175;Ford;2023-04-18
176;Ford;2023-04-18
177;Ford;2023-04-18
178;Ford;2023-04-18
179;Ford;2023-04-18
180;Ford;2023-04-18
181;Ford;2023-04-18
182;Ford;2023-04-18
183;Ford;2023-04-18
184;Ford;2023-04-18
185;Ford;2023-04-18
186;Ford;2023-04-18
187;Ford;2023-04-18
188;Ford;2023-04-18
189;Ford;2023-04-18
190;Ford;2023-04-18
191;Ford;2023-04-18
192;Ford;2023-04-18
193;Ford;2023-04-18
194;Ford;2023-04-18
195;Ford;2023-04-18
196;Ford;2023-04-18
197;Ford;2023-04-18
198;Ford;2023-04-18
199;Ford;2023-04-18
200;Ford;2023-04-18
201;Ford;2023-04-18
202;Ford;2023-04-18
203;Ford;2023-04-18
204;Ford;2023-04-18
205;Ford;2023-04-18
206;Ford;2023-04-18
207;Ford;2023-04-18
208;Ford;2023-04-18
209;Ford;2023-04-18
210;Ford;2023-04-18
211;Ford;2023-04-18
212;Ford;2023-04-18
213;Ford;2023-04-18
214;Ford;2023-04-18
215;Ford;2023-04-18
216;Ford;2023-04-18
217;Ford;2023-04-18
218;Ford;2023-04-18
219;Ford;2023-04-18
220;Ford;2023-04-18
221;Ford;2023-04-18
222;Ford;2023-04-18
223;Ford;2023-04-18
224;Ford;2023-04-18
225;Ford;2023-04-18
226;Ford;2023-04-18
227;Ford;2023-04-18
228;Ford;2023-04-18
229;Ford;2023-04-18
230;Ford;2023-04-18
231;Ford;2023-04-18
232;Ford;2023-04-18
233;Ford;2023-04-18
234;Ford;2023-04-18
235;Ford;2023-04-18
236;Ford;2023-04-18
237;Ford;2023-04-18
238;Ford;2023-04-18
239;Ford;2023-04-18
240;Ford;2023-04-18
241;Ford;2023-04-18
242;Ford;2023-04-18
243;Ford;2023-04-18
244;Ford;2023-04-18
245;Ford;2023-04-18
246;Ford;2023-04-18
247;Ford;2023-04-18
248;Ford;2023-04-18
249;Ford;2023-04-18
250;Ford;2023-04-18
251;Ford;2023-04-18
252;Ford;2023-04-18
253;Ford;2023-04-18
254;Ford;2023-04-18
255;Ford;2023-04-18
256;Ford;2023-04-18
257;Ford;2023-04-18
258;Ford;2023-04-18
259;Ford;2023-04-18
260;Ford;2023-04-18
261;Ford;2023-04-18
262;Ford;2023-04-18
263;Ford;2023-04-18
264;Ford;2023-04-18
265;Ford;2023-04-18
266;Ford;2023-04-18
267;Ford;2023-04-18
268;Ford;2023-04-18
269;Ford;2023-04-18
270;Ford;2023-04-18
271;Ford;2023-04-18
272;Ford;2023-04-18
273;Ford;2023-04-18
274;Ford;2023-04-18
275;Ford;2023-04-18
276;Ford;2023-04-18
277;Ford;2023-04-18
278;Ford;2023-04-18
279;Ford;2023-04-18
280;Ford;2023-04-18
281;Ford;2023-04-18
282;Ford;2023-04-18
283;Ford;2023-04-18
284;Ford;2023-04-18
285;Ford;2023-04-18
286;Ford;2023-04-18
287;Ford;2023-04-18
288;Ford;2023-04-18
289;Ford;2023-04-18
290;Ford;2023-04-18
291;Ford;2023-04-18
292;Ford;2023-04-18
293;Ford;2023-04-18
294;Ford;2023-04-18
295;Ford;2023-04-18
296;Ford;2023-04-18
297;Ford;2023-04-18
298;Ford;2023-04-18
299;Ford;2023-04-18
300;Ford;2023-04-18
301;Ford;2023-04-18
302;Ford;2023-04-18
303;Ford;2023-04-18
304;Ford;2023-04-18
305;Ford;2023-04-18
306;Ford;2023-04-18
307;Ford;2023-04-18
308;Ford;2023-04-18
309;Ford;2023-04-18
310;Ford;2023-04-18
311;Ford;2023-04-18
312;Ford;2023-04-18
313;Ford;2023-04-18
314;Ford;2023-04-18
315;Ford;2023-04-18
316;Ford;2023-04-18
317;Ford;2023-04-18
318;Ford;2023-04-18
319;Ford;2023-04-18
320;Ford;2023-04-18
321;Ford;2023-04-18
322;Ford;2023-04-18
323;Ford;2023-04-18
324;Ford;2023-04-18
325;Ford;2023-04-18
326;Ford;2023-04-18
327;Ford;2023-04-18
328;Ford;2023-04-18
329;Ford;2023-04-18
330;Ford;2023-04-18
331;Ford;2023-04-18
332;Ford;2023-04-18
333;Ford;2023-04-18
334;Ford;2023-04-18
335;Ford;2023-04-18
336;Ford;2023-04-18
337;Ford;2023-04-18
338;Ford;2023-04-18
339;Ford;2023-04-18
340;Ford;2023-04-18
341;Ford;2023-04-18
342;Ford;2023-04-18
343;Ford;2023-04-18
344;Ford;2023-04-18
345;Ford;2023-04-18
346;Ford;2023-04-18
347;Ford;2023-04-18
348;Ford;2023-04-18
349;Ford;2023-04-18
350;Ford;2023-04-18
351;Ford;2023-04-18
352;Ford;2023-04-18
353;Ford;2023-04-18
354;Ford;2023-04-18
355;Ford;2023-04-18
356;Ford;2023-04-18
357;Ford;2023-04-18
358;Ford;2023-04-18
359;Ford;2023-04-18
360;Ford;2023-04-18
361;Ford;2023-04-18
362;Ford;2023-04-18
363;Ford;2023-04-18
364;Ford;2023-04-18
365;Ford;2023-04-18
366;Ford;2023-04-18
367;Ford;2023-04-18
368;Ford;2023-04-18
369;Ford;2023-04-18
370;Ford;2023-04-18
371;Ford;2023-04-18
372;Ford;2023-04-18
373;Ford;2023-04-18
374;Ford;2023-04-18
375;Ford;2023-04-18
376;Ford;2023-04-18
377;Ford;2023-04-18
378;Ford;2023-04-18
379;Ford;2023-04-18
380;Ford;2023-04-18
381;Ford;2023-04-18
382;Ford;2023-04-18
383;Ford;2023-04-18
384;Ford;2023-04-18
385;Ford;2023-04-18
386;Ford;2023-04-18
387;Ford;2023-04-18
388;Ford;2023-04-18
389;Ford;2023-04-18
390;Ford;2023-04-18
391;Ford;2023-04-18
392;Ford;2023-04-18
393;Ford;2023-04-18
394;Ford;2023-04-18
395;Ford;2023-04-18
396;Ford;2023-04-18
397;Ford;2023-04-18
398;Ford;2023-04-18
399;Ford;2023-04-18
400;Ford;2023-04-18
401;Ford;2023-04-18
402;Ford;2023-04-18
403;Ford;2023-04-18
404;Ford;2023-04-18
405;Ford;2023-04-18
406;Ford;2023-04-18
407;Ford;2023-04-18
408;Ford;2023-04-18
409;Ford;2023-04-18
410;Ford;2023-04-18
411;Ford;2023-04-18
412;Ford;2023-04-18
413;Ford;2023-04-18
414;Ford;2023-04-18
415;Ford;2023-04-18
416;Ford;2023-04-18
417;Ford;2023-04-18
418;Ford;2023-04-18
419;Ford;2023-04-18
420;Ford;2023-04-18
421;Ford;2023-04-18
422;Ford;2023-04-18
423;Ford;2023-04-18
424;Ford;2023-04-18
425;Ford;2023-04-18
426;Ford;2023-04-18
427;Ford;2023-04-18
428;Ford;2023-04-18
429;Ford;2023-04-18
430;Ford;2023-04-18
431;Ford;2023-04-18
432;Ford;2023-04-18
433;Ford;2023-04-18
434;Ford;2023-04-18
435;Ford;2023-04-18
436;Ford;2023-04-18
437;Ford;2023-04-18
438;Ford;2023-04-18
439;Ford;2023-04-18
440;Ford;2023-04-18
441;Ford;2023-04-18
442;Ford;2023-04-18
443;Ford;2023-04-18
444;Ford;2023-04-18
445;Ford;2023-04-18
446;Ford;2023-04-18
447;Ford;2023-04-18
448;Ford;2023-04-18
449;Ford;2023-04-18
450;Ford;2023-04-18
451;Ford;2023-04-18
452;Ford;2023-04-18
453;Ford;2023-04-18
454;Ford;2023-04-18
455;Ford;2023-04-18
456;Ford;2023-04-18
457;Ford;2023-04-18
458;Ford;2023-04-18
459;Ford;2023-04-18
460;Ford;2023-04-18
461;Ford;2023-04-18
462;Ford;2023-04-18
463;Ford;2023-04-18
464;Ford;2023-04-18
465;Ford;2023-04-18
466;Ford;2023-04-18
467;Ford;2023-04-18
468;Ford;2023-04-18
469;Ford;2023-04-18
470;Ford;2023-04-18
471;Ford;2023-04-18
472;Ford;2023-04-18
473;Ford;2023-04-18
474;Ford;2023-04-18
475;Ford;2023-04-18
476;Ford;2023-04-18
477;Ford;2023-04-18
478;Ford;2023-04-18
479;Ford;2023-04-18
480;Ford;2023-04-18
481;Ford;2023-04-18
482;Ford;2023-04-18
483;Ford;2023-04-18
484;Ford;2023-04-18
485;Ford;2023-04-18
486;Ford;2023-04-18
487;Ford;2023-04-18
488;Ford;2023-04-18
489;Ford;2023-04-18
490;Ford;2023-04-18
491;Ford;2023-04-18
492;Ford;2023-04-18
493;Ford;2023-04-18
494;Ford;2023-04-18
495;Ford;2023-04-18
496;Ford;2023-04-18
497;Ford;2023-04-18
498;Ford;2023-04-18
499;Ford;2023-04-18
500;Ford;2023-04-18
501;Ford;2023-04-18
502;Ford;2023-04-18
503;Ford;2023-04-18
504;Ford;2023-04-18
505;Ford;2023-04-18
506;Ford;2023-04-18
507;Ford;2023-04-18
508;Ford;2023-04-18
509;Ford;2023-04-18
510;Ford;2023-04-18
511;Ford;2023-04-18
512;Ford;2023-04-18
513;Ford;2023-04-18
514;Ford;2023-04-18
515;Ford;2023-04-18
516;Ford;2023-04-18
517;Ford;2023-04-18
518;Ford;2023-04-18
519;Ford;2023-04-18
520;Ford;2023-04-18
521;Ford;2023-04-18
522;Ford;2023-04-18
523;Ford;2023-04-18
524;Ford;2023-04-18
525;Ford;2023-04-18
526;Ford;2023-04-18
527;Ford;2023-04-18
528;Ford;2023-04-18
529;Ford;2023-04-18
530;Ford;2023-04-18
531;Ford;2023-04-18
532;Ford;2023-04-18
533;Ford;2023-04-18
534;Ford;2023-04-18
535;Ford;2023-04-18
536;Ford;2023-04-18
537;Ford;2023-04-18
538;Ford;2023-04-18
539;Ford;2023-04-18
540;Ford;2023-04-18
541;Ford;2023-04-18
542;Ford;2023-04-18
543;Ford;2023-04-18
544;Ford;2023-04-18
545;Ford;2023-04-18
546;Ford;2023-04-18
547;Ford;2023-04-18
548;Ford;2023-04-18
549;Ford;2023-04-18
550;Ford;2023-04-18
551;Ford;2023-04-18
552;Ford;2023-04-18
553;Ford;2023-04-18
554;Ford;2023-04-18
555;Ford;2023-04-18
556;Ford;2023-04-18
557;Ford;2023-04-18
558;Ford;2023-04-18
559;Ford;2023-04-18
560;Ford;2023-04-18
561;Ford;2023-04-18
562;Ford;2023-04-18
563;Ford;2023-04-18
564;Ford;2023-04-18
565;Ford;2023-04-18
566;Ford;2023-04-18
567;Ford;2023-04-18
568;Ford;2023-04-18
569;Ford;2023-04-18
570;Ford;2023-04-18
571;Ford;2023-04-18
572;Ford;2023-04-18
573;Ford;2023-04-18
574;Ford;2023-04-18
575;Ford;2023-04-18
576;Ford;2023-04-18
577;Ford;2023-04-18
578;Ford;2023-04-18
579;Ford;2023-04-18
580;Ford;2023-04-18
581;Ford;2023-04-18
582;Ford;2023-04-18
583;Ford;2023-04-18
584;Ford;2023-04-18
585;Ford;2023-04-18
586;Ford;2023-04-18
587;Ford;2023-04-18
588;Ford;2023-04-18
589;Ford;2023-04-18
590;Ford;2023-04-18
591;Ford;2023-04-18
592;Ford;2023-04-18
593;Ford;2023-04-18
594;Ford;2023-04-18
595;Ford;2023-04-18
596;Ford;2023-04-18
597;Ford;2023-04-18
598;Ford;2023-04-18
599;Ford;2023-04-18
600;Ford;2023-04-18
601;Ford;2023-04-18
602;Ford;2023-04-18
603;Ford;2023-04-18
604;Ford;2023-04-18
605;Ford;2023-04-18
606;Ford;2023-04-18
607;Ford;2023-04-18
608;Ford;2023-04-18
609;Ford;2023-04-18
610;Ford;2023-04-18
611;Ford;2023-04-18
612;Ford;2023-04-18
613;Ford;2023-04-18
614;Ford;2023-04-18
615;Ford;2023-04-18
616;Ford;2023-04-18
617;Ford;2023-04-18
618;Ford;2023-04-18
619;Ford;2023-04-18
620;Ford;2023-04-18
621;Ford;2023-04-18
622;Ford;2023-04-18
623;Ford;2023-04-18
624;Ford;2023-04-18
625;Ford;2023-04-18
626;Ford;2023-04-18
627;Ford;2023-04-18
628;Ford;2023-04-18
629;Ford;2023-04-18
630;Ford;2023-04-18
631;Ford;2023-04-18
632;Ford;2023-04-18
633;Ford;2023-04-18
634;Ford;2023-04-18
635;Ford;2023-04-18
636;Ford;2023-04-18
637;Ford;2023-04-18
638;Ford;2023-04-18
639;Ford;2023-04-18
640;Ford;2023-04-18
641;Ford;2023-04-18
642;Ford;2023-04-18
643;Ford;2023-04-18
644;Ford;2023-04-18
645;Ford;2023-04-18
646;Ford;2023-04-18
647;Ford;2023-04-18
648;Ford;2023-04-18
649;Ford;2023-04-18
650;Ford;2023-04-18
651;Ford;2023-04-18
652;Ford;2023-04-18
653;Ford;2023-04-18
654;Ford;2023-04-18
655;Ford;2023-04-18
656;Ford;2023-04-18
657;Ford;2023-04-18
658;Ford;2023-04-18
659;Ford;2023-04-18
660;Ford;2023-04-18
661;Ford;2023-04-18
662;Ford;2023-04-18
663;Ford;2023-04-18
664;Ford;2023-04-18
665;Ford;2023-04-18
666;Ford;2023-04-18
667;Ford;2023-04-18
668;Ford;2023-04-18
669;Ford;2023-04-18
670;Ford;2023-04-18
671;Ford;2023-04-18
672;Ford;2023-04-18
673;Ford;2023-04-18
674;Ford;2023-04-18
675;Ford;2023-04-18
676;Ford;2023-04-18
677;Ford;2023-04-18
678;Ford;2023-04-18
679;Ford;2023-04-18
680;Ford;2023-04-18
681;Ford;2023-04-18
682;Ford;2023-04-18
683;Ford;2023-04-18
684;Ford;2023-04-18
685;Ford;2023-04-18
686;Ford;2023-04-18
687;Ford;2023-04-18
688;Ford;2023-04-18
689;Ford;2023-04-18
690;Ford;2023-04-18
691;Ford;2023-04-18
692;Ford;2023-04-18
693;Ford;2023-04-18
694;Ford;2023-04-18
695;Ford;2023-04-18
696;Ford;2023-04-18
697;Ford;2023-04-18
698;Ford;2023-04-18
699;Ford;2023-04-18
700;Ford;2023-04-18
701;Ford;2023-04-18
702;Ford;2023-04-18
703;Ford;2023-04-18
704;Ford;2023-04-18
705;Ford;2023-04-18
706;Ford;2023-04-18
707;Ford;2023-04-18
708;Ford;2023-04-18
709;Ford;2023-04-18
710;Ford;2023-04-18
711;Ford;2023-04-18
712;Ford;2023-04-18
713;Ford;2023-04-18
714;Ford;2023-04-18
715;Ford;2023-04-18
716;Ford;2023-04-18
717;Ford;2023-04-18
718;Ford;2023-04-18
719;Ford;2023-04-18
720;Ford;2023-04-18
721;Ford;2023-04-18
722;Ford;2023-04-18
723;Ford;2023-04-18
724;Ford;2023-04-18
725;Ford;2023-04-18
726;Ford;2023-04-18
727;Ford;2023-04-18
728;Ford;2023-04-18
729;Ford;2023-04-18
730;Ford;2023-04-18
731;Ford;2023-04-18
732;Ford;2023-04-18
733;Ford;2023-04-18
734;Ford;2023-04-18
735;Ford;2023-04-18
736;Ford;2023-04-18
737;Ford;2023-04-18
738;Ford;2023-04-18
739;Ford;2023-04-18
740;Ford;2023-04-18
741;Ford;2023-04-18
742;Ford;2023-04-18
743;Ford;2023-04-18
744;Ford;2023-04-18
745;Ford;2023-04-18
746;Ford;2023-04-18
747;Ford;2023-04-18
748;Ford;2023-04-18
749;Ford;2023-04-18
750;Ford;2023-04-18
751;Ford;2023-04-18
752;Ford;2023-04-18
753;Ford;2023-04-18
754;Ford;2023-04-18
755;Ford;2023-04-18
756;Ford;2023-04-18
757;Ford;2023-04-18
758;Ford;2023-04-18
759;Ford;2023-04-18
760;Ford;2023-04-18
761;Ford;2023-04-18
762;Ford;2023-04-18
763;Ford;2023-04-18
764;Ford;2023-04-18
765;Ford;2023-04-18
766;Ford;2023-04-18
767;Ford;2023-04-18
768;Ford;2023-04-18
769;Ford;2023-04-18
770;Ford;2023-04-18
771;Ford;2023-04-18
772;Ford;2023-04-18
773;Ford;2023-04-18
774;Ford;2023-04-18
775;Ford;2023-04-18
776;Ford;2023-04-18
777;Ford;2023-04-18
778;Ford;2023-04-18
779;Ford;2023-04-18
780;Ford;2023-04-18
781;Ford;2023-04-18
782;Ford;2023-04-18
783;Ford;2023-04-18
784;Ford;2023-04-18
785;Ford;2023-04-18
786;Ford;2023-04-18
787;Ford;2023-04-18
788;Ford;2023-04-18
789;Ford;2023-04-18
790;Ford;2023-04-18
791;Ford;2023-04-18
792;Ford;2023-04-18
793;Ford;2023-04-18
794;Ford;2023-04-18
795;Ford;2023-04-18
796;Ford;2023-04-18
797;Ford;2023-04-18
798;Ford;2023-04-18
799;Ford;2023-04-18
800;Ford;2023-04-18
801;Ford;2023-04-18
802;Ford;2023-04-18
803;Ford;2023-04-18
804;Ford;2023-04-18
805;Ford;2023-04-18
806;Ford;2023-04-18
807;Ford;2023-04-18
808;Ford;2023-04-18
809;Ford;2023-04-18
810;Ford;2023-04-18
811;Ford;2023-04-18
812;Ford;2023-04-18
813;Ford;2023-04-18
814;Ford;2023-04-18
815;Ford;2023-04-18
816;Ford;2023-04-18
817;Ford;2023-04-18
818;Ford;2023-04-18
819;Ford;2023-04-18
820;Ford;2023-04-18
821;Ford;2023-04-18
822;Ford;2023-04-18
823;Ford;2023-04-18
824;Ford;2023-04-18
825;Ford;2023-04-18
826;Ford;2023-04-18
827;Ford;2023-04-18
828;Ford;2023-04-18
829;Ford;2023-04-18
830;Ford;2023-04-18
831;Ford;2023-04-18
832;Ford;2023-04-18
833;Ford;2023-04-18
834;Ford;2023-04-18
835;Ford;2023-04-18
836;Ford;2023-04-18
837;Ford;2023-04-18
838;Ford;2023-04-18
839;Ford;2023-04-18
840;Ford;2023-04-18
841;Ford;2023-04-18
842;Ford;2023-04-18
843;Ford;2023-04-18
844;Ford;2023-04-18
845;Ford;2023-04-18
846;Ford;2023-04-18
847;Ford;2023-04-18
848;Ford;2023-04-18
849;Ford;2023-04-18
850;Ford;2023-04-18
851;Ford;2023-04-18
852;Ford;2023-04-18
853;Ford;2023-04-18
854;Ford;2023-04-18
855;Ford;2023-04-18
856;Ford;2023-04-18
857;Ford;2023-04-18
858;Ford;2023-04-18
859;Ford;2023-04-18
860;Ford;2023-04-18
861;Ford;2023-04-18
862;Ford;2023-04-18
863;Ford;2023-04-18
864;Ford;2023-04-18
865;Ford;2023-04-18
866;Ford;2023-04-18
867;Ford;2023-04-18
868;Ford;2023-04-18
869;Ford;2023-04-18
870;Ford;2023-04-18
871;Ford;2023-04-18
872;Ford;2023-04-18
873;Ford;2023-04-18
874;Ford;2023-04-18
875;Ford;2023-04-18
876;Ford;2023-04-18
877;Ford;2023-04-18
878;Ford;2023-04-18
879;Ford;2023-04-18
880;Ford;2023-04-18
881;Ford;2023-04-18
882;Ford;2023-04-18
883;Ford;2023-04-18
884;Ford;2023-04-18
885;Ford;2023-04-18
886;Ford;2023-04-18
887;Ford;2023-04-18
888;Ford;2023-04-18
889;Ford;2023-04-18
890;Ford;2023-04-18
891;Ford;2023-04-18
892;Ford;2023-04-18
893;Ford;2023-04-18
894;Ford;2023-04-18
895;Ford;2023-04-18
896;Ford;2023-04-18
897;Ford;2023-04-18
898;Ford;2023-04-18
899;Ford;2023-04-18
900;Ford;2023-04-18
901;Ford;2023-04-18
902;Ford;2023-04-18
903;Ford;2023-04-18
904;Ford;2023-04-18
905;Ford;2023-04-18
906;Ford;2023-04-18
907;Ford;2023-04-18
908;Ford;2023-04-18
909;Ford;2023-04-18
910;Ford;2023-04-18
911;Ford;2023-04-18
912;Ford;2023-04-18
913;Ford;2023-04-18
914;Ford;2023-04-18
915;Ford;2023-04-18
916;Ford;2023-04-18
917;Ford;2023-04-18
918;Ford;2023-04-18
919;Ford;2023-04-18
920;Ford;2023-04-18
921;Ford;2023-04-18
922;Ford;2023-04-18
923;Ford;2023-04-18
924;Ford;2023-04-18
925;Ford;2023-04-18
926;Ford;2023-04-18
927;Ford;2023-04-18
928;Ford;2023-04-18
929;Ford;2023-04-18
930;Ford;2023-04-18
931;Ford;2023-04-18
932;Ford;2023-04-18
933;Ford;2023-04-18
934;Ford;2023-04-18
935;Ford;2023-04-18
936;Ford;2023-04-18
937;Ford;2023-04-18
938;Ford;2023-04-18
939;Ford;2023-04-18
940;Ford;2023-04-18
941;Ford;2023-04-18
942;Ford;2023-04-18
943;Ford;2023-04-18
944;Ford;2023-04-18
945;Ford;2023-04-18
946;Ford;2023-04-18
947;Ford;2023-04-18
948;Ford;2023-04-18
949;Ford;2023-04-18
950;Ford;2023-04-18
951;Ford;2023-04-18
952;Ford;2023-04-18
953;Ford;2023-04-18
954;Ford;2023-04-18
955;Ford;2023-04-18
956;Ford;2023-04-18
957;Ford;2023-04-18
958;Ford;2023-04-18
959;Ford;2023-04-18
960;Ford;2023-04-18
961;Ford;2023-04-18
962;Ford;2023-04-18
963;Ford;2023-04-18
964;Ford;2023-04-18
965;Ford;2023-04-18
966;Ford;2023-04-18
967;Ford;2023-04-18
968;Ford;2023-04-18
969;Ford;2023-04-18
970;Ford;2023-04-18
971;Ford;2023-04-18
972;Ford;2023-04-18
973;Ford;2023-04-18
974;Ford;2023-04-18
975;Ford;2023-04-18
976;Ford;2023-04-18
977;Ford;2023-04-18
978;Ford;2023-04-18
979;Ford;2023-04-18
980;Ford;2023-04-18
981;Ford;2023-04-18
982;Ford;2023-04-18
983;Ford;2023-04-18
984;Ford;2023-04-18
985;Ford;2023-04-18
986;Ford;2023-04-18
987;Ford;2023-04-18
988;Ford;2023-04-18
989;Ford;2023-04-18
990;Ford;2023-04-18
991;Ford;2023-04-18
992;Ford;2023-04-18
993;Ford;2023-04-18
994;Ford;2023-04-18
995;Ford;2023-04-18
996;Ford;2023-04-18
997;Ford;2023-04-18
998;Ford;2023-04-18
999;Ford;2023-04-18
1000;Ford;2023-04-18
